{
  "condition": "stress_44C_dense_socialforce",
  "description": "Main comparison re-run with per-edge crowd density generated by a Helbing social-force pedestrian simulation instead of the hand-authored field. Thermal model and planner unchanged. 5 envs x 24 missions, n=120.",
  "n_envs": 5,
  "n_missions": 24,
  "T_amb": 44,
  "base_density": 0.6,
  "crowd_model": "social-force (Helbing & Molnar 1995 [15]); 140 agents/site spawned at POI hotspots; per-edge density = normalized agent count within 6 m of edge midpoint; 12 temporal snapshots",
  "results": {
    "EARP-Gait": {
      "succ": 100.0,
      "E": 4.192283421475812,
      "Esd": 1.0330678574094707,
      "fit": 1.0923194898360102,
      "therm": 0.0,
      "clr": 0.6118276982164124,
      "p_vs_naive": 7.055017489245288e-41,
      "p_vs_thermreact": 2.476589182680066e-11
    },
    "Thermal-reactive": {
      "succ": 100.0,
      "E": 5.4453636638911345,
      "Esd": 1.203532782446575,
      "fit": 1.4132122645755563,
      "therm": 0.0,
      "clr": 0.4684500309241013
    },
    "Fixed-gait": {
      "succ": 100.0,
      "E": 5.433932196713431,
      "Esd": 1.2038349912616741,
      "fit": 1.4377781450636897,
      "therm": 5.0,
      "clr": 0.4684500309241013
    },
    "Reactive": {
      "succ": 96.66666666666667,
      "E": 6.035666154762397,
      "Esd": 1.8137217393842535,
      "fit": 1.722415944878213,
      "therm": 17.5,
      "clr": 0.45850171999820294
    },
    "DDTA-ACO (naive)": {
      "succ": 85.83333333333333,
      "E": 6.584296006230632,
      "Esd": 1.6638147716744918,
      "fit": 5.320816330916352,
      "therm": 100.0,
      "clr": 0.4912357815058601
    }
  },
  "density_agreement": {
    "hand_authored_mean": 0.38683182754485257,
    "hand_authored_sd": 0.16818875022860288,
    "social_force_mean": 0.24575163398692812,
    "social_force_sd": 0.39397848446857364,
    "hotspot_mean_HA": 0.4057143622351859,
    "hotspot_mean_SF": 0.3472222222222222,
    "other_mean_HA": 0.36558897601822754,
    "other_mean_SF": 0.13159722222222223,
    "spearman": 0.25762128497444997,
    "note": "Both models concentrate density on hotspot edges (agreement in direction). Social-force is spikier: genuine congestion peaks up to 1.4 and empty peripheral edges, vs the smoother hand-authored 0.12-0.60 band. The thermal/energy ranking is unchanged under the more realistic field."
  }
}